code,name,hex,textureUrl
LR001,Eik licht,#a37a41,/textures/decolegno/LR001.jpg
LR002,Antraciet,#2c2c2c,/textures/decolegno/LR002.jpg
LR003,Warm grijs,#a0a0a0,/textures/decolegno/LR003.jpg
LR004,Eik licht,#a37a41,/textures/decolegno/LR004.jpg
LR005,Koel grijs,#9aa3a8,/textures/decolegno/LR005.jpg
LR006,Warm grijs,#a0a0a0,/textures/decolegno/LR006.jpg
LR007,Antraciet,#2c2c2c,/textures/decolegno/LR007.jpg
LR008,Eik naturel,#b98745,/textures/decolegno/LR008.jpg
LR009,Warm grijs,#a0a0a0,/textures/decolegno/LR009.jpg
LR010,Noten,#7a5034,/textures/decolegno/LR010.jpg
LR011,Eik licht,#a37a41,/textures/decolegno/LR011.jpg
LR012,Eik licht,#a37a41,/textures/decolegno/LR012.jpg
LR013,Antraciet,#2c2c2c,/textures/decolegno/LR013.jpg
LR014,Eik gerookt,#7f5c35,/textures/decolegno/LR014.jpg
LR015,Beton licht,#bfbfbf,/textures/decolegno/LR015.jpg
LR016,Antraciet,#2c2c2c,/textures/decolegno/LR016.jpg
LR017,Koel grijs,#9aa3a8,/textures/decolegno/LR017.jpg
LR018,Noten,#7a5034,/textures/decolegno/LR018.jpg
LR019,Beton donker,#8c8c8c,/textures/decolegno/LR019.jpg
LR020,Eik naturel,#b98745,/textures/decolegno/LR020.jpg
LR021,Koel grijs,#9aa3a8,/textures/decolegno/LR021.jpg
LR022,Beton donker,#8c8c8c,/textures/decolegno/LR022.jpg
LR023,Antraciet,#2c2c2c,/textures/decolegno/LR023.jpg
LR024,Noten,#7a5034,/textures/decolegno/LR024.jpg
LR025,Antraciet,#2c2c2c,/textures/decolegno/LR025.jpg
LR026,Eik gerookt,#7f5c35,/textures/decolegno/LR026.jpg
LR027,Beton donker,#8c8c8c,/textures/decolegno/LR027.jpg
LR028,Noten,#7a5034,/textures/decolegno/LR028.jpg
LR029,Koel grijs,#9aa3a8,/textures/decolegno/LR029.jpg
LR030,Beton licht,#bfbfbf,/textures/decolegno/LR030.jpg
LR031,Noten,#7a5034,/textures/decolegno/LR031.jpg
LR032,Eik naturel,#b98745,/textures/decolegno/LR032.jpg
LR033,Eik gerookt,#7f5c35,/textures/decolegno/LR033.jpg
LR034,Warm grijs,#a0a0a0,/textures/decolegno/LR034.jpg
LR035,Warm grijs,#a0a0a0,/textures/decolegno/LR035.jpg
LR036,Warm grijs,#a0a0a0,/textures/decolegno/LR036.jpg
LR037,Koel grijs,#9aa3a8,/textures/decolegno/LR037.jpg
LR038,Antraciet,#2c2c2c,/textures/decolegno/LR038.jpg
LR039,Antraciet,#2c2c2c,/textures/decolegno/LR039.jpg
LR040,Antraciet,#2c2c2c,/textures/decolegno/LR040.jpg
LR041,Warm grijs,#a0a0a0,/textures/decolegno/LR041.jpg
LR042,Warm grijs,#a0a0a0,/textures/decolegno/LR042.jpg
LR043,Eik licht,#a37a41,/textures/decolegno/LR043.jpg
LR044,Eik gerookt,#7f5c35,/textures/decolegno/LR044.jpg
LR045,Noten,#7a5034,/textures/decolegno/LR045.jpg
LR046,Koel grijs,#9aa3a8,/textures/decolegno/LR046.jpg
LR047,Eik gerookt,#7f5c35,/textures/decolegno/LR047.jpg
LR048,Eik naturel,#b98745,/textures/decolegno/LR048.jpg
LR049,Eik licht,#a37a41,/textures/decolegno/LR049.jpg
LR050,Eik naturel,#b98745,/textures/decolegno/LR050.jpg
LR051,Beton licht,#bfbfbf,/textures/decolegno/LR051.jpg
LR052,Eik gerookt,#7f5c35,/textures/decolegno/LR052.jpg
LR053,Noten,#7a5034,/textures/decolegno/LR053.jpg
LR054,Noten,#7a5034,/textures/decolegno/LR054.jpg
LR055,Eik gerookt,#7f5c35,/textures/decolegno/LR055.jpg
LR056,Eik naturel,#b98745,/textures/decolegno/LR056.jpg
LR057,Antraciet,#2c2c2c,/textures/decolegno/LR057.jpg
LR058,Koel grijs,#9aa3a8,/textures/decolegno/LR058.jpg
LR059,Noten,#7a5034,/textures/decolegno/LR059.jpg
LR060,Koel grijs,#9aa3a8,/textures/decolegno/LR060.jpg
LR061,Beton donker,#8c8c8c,/textures/decolegno/LR061.jpg
LR062,Eik licht,#a37a41,/textures/decolegno/LR062.jpg
LR063,Eik licht,#a37a41,/textures/decolegno/LR063.jpg
LR064,Beton donker,#8c8c8c,/textures/decolegno/LR064.jpg
LR065,Beton licht,#bfbfbf,/textures/decolegno/LR065.jpg
LR066,Koel grijs,#9aa3a8,/textures/decolegno/LR066.jpg
LR067,Eik naturel,#b98745,/textures/decolegno/LR067.jpg
LR068,Koel grijs,#9aa3a8,/textures/decolegno/LR068.jpg
LR069,Warm grijs,#a0a0a0,/textures/decolegno/LR069.jpg
LR070,Noten,#7a5034,/textures/decolegno/LR070.jpg
LR071,Eik licht,#a37a41,/textures/decolegno/LR071.jpg
LR072,Eik gerookt,#7f5c35,/textures/decolegno/LR072.jpg
LR073,Eik gerookt,#7f5c35,/textures/decolegno/LR073.jpg
LR074,Beton licht,#bfbfbf,/textures/decolegno/LR074.jpg
LR075,Antraciet,#2c2c2c,/textures/decolegno/LR075.jpg
LR076,Warm grijs,#a0a0a0,/textures/decolegno/LR076.jpg
LR077,Noten,#7a5034,/textures/decolegno/LR077.jpg
LR078,Eik gerookt,#7f5c35,/textures/decolegno/LR078.jpg
LR079,Koel grijs,#9aa3a8,/textures/decolegno/LR079.jpg
LR080,Beton licht,#bfbfbf,/textures/decolegno/LR080.jpg
LR081,Eik naturel,#b98745,/textures/decolegno/LR081.jpg
LR082,Eik licht,#a37a41,/textures/decolegno/LR082.jpg
LR083,Antraciet,#2c2c2c,/textures/decolegno/LR083.jpg
LR084,Eik licht,#a37a41,/textures/decolegno/LR084.jpg
LR085,Antraciet,#2c2c2c,/textures/decolegno/LR085.jpg
LR086,Noten,#7a5034,/textures/decolegno/LR086.jpg
LR087,Antraciet,#2c2c2c,/textures/decolegno/LR087.jpg
LR088,Koel grijs,#9aa3a8,/textures/decolegno/LR088.jpg
LR089,Eik gerookt,#7f5c35,/textures/decolegno/LR089.jpg
LR090,Eik gerookt,#7f5c35,/textures/decolegno/LR090.jpg
LR091,Eik naturel,#b98745,/textures/decolegno/LR091.jpg
LR092,Antraciet,#2c2c2c,/textures/decolegno/LR092.jpg
LR093,Noten,#7a5034,/textures/decolegno/LR093.jpg
LR094,Beton donker,#8c8c8c,/textures/decolegno/LR094.jpg
LR095,Beton licht,#bfbfbf,/textures/decolegno/LR095.jpg
LR096,Eik naturel,#b98745,/textures/decolegno/LR096.jpg
LR097,Warm grijs,#a0a0a0,/textures/decolegno/LR097.jpg
LR098,Noten,#7a5034,/textures/decolegno/LR098.jpg
LR099,Koel grijs,#9aa3a8,/textures/decolegno/LR099.jpg
LR100,Eik gerookt,#7f5c35,/textures/decolegno/LR100.jpg
LR101,Antraciet,#2c2c2c,/textures/decolegno/LR101.jpg
LR102,Noten,#7a5034,/textures/decolegno/LR102.jpg
LR103,Warm grijs,#a0a0a0,/textures/decolegno/LR103.jpg
LR104,Noten,#7a5034,/textures/decolegno/LR104.jpg
LR105,Beton donker,#8c8c8c,/textures/decolegno/LR105.jpg
LR106,Beton licht,#bfbfbf,/textures/decolegno/LR106.jpg
LR107,Noten,#7a5034,/textures/decolegno/LR107.jpg
LR108,Koel grijs,#9aa3a8,/textures/decolegno/LR108.jpg
LR109,Noten,#7a5034,/textures/decolegno/LR109.jpg
LR110,Noten,#7a5034,/textures/decolegno/LR110.jpg
LR111,Koel grijs,#9aa3a8,/textures/decolegno/LR111.jpg
LR112,Antraciet,#2c2c2c,/textures/decolegno/LR112.jpg
LR113,Eik gerookt,#7f5c35,/textures/decolegno/LR113.jpg
LR114,Warm grijs,#a0a0a0,/textures/decolegno/LR114.jpg
LR115,Eik licht,#a37a41,/textures/decolegno/LR115.jpg
LR116,Eik licht,#a37a41,/textures/decolegno/LR116.jpg
LR117,Eik gerookt,#7f5c35,/textures/decolegno/LR117.jpg
LR118,Noten,#7a5034,/textures/decolegno/LR118.jpg
LR119,Beton licht,#bfbfbf,/textures/decolegno/LR119.jpg
LR120,Warm grijs,#a0a0a0,/textures/decolegno/LR120.jpg
